metric,mean,std
balanced_acc,0.634394246929452,0.023173132665359926
kappa,0.6207410651931348,0.0217175257572052
weighted_f1,0.6479929411489611,0.0211239999938987
