metric,mean,std
balanced_acc,0.6509175609623703,0.021903005815130928
kappa,0.6609557808452471,0.020792261458213928
weighted_f1,0.6872914461704754,0.019742776377094002
